   HIP | name             |  Vmag | RAdeg        | DEdeg        | Plx    | pmRA     | pmDE     | almanac | Proxy | RAhms       | DEdms       | VarFlag | r_Vmag | AstroRef | e_RAdeg | e_DEdeg | e_Plx | e_pmRA | e_pmDE | DE:RA | Plx:RA | Plx:DE | pmRA:RA | pmRA:DE | pmRA:Plx | pmDE:RA | pmDE:DE | pmDE:Plx | pmDE:pmRA | F1  | F2    | HIPr   | BTmag  | e_BTmag | VTmag  | e_VTmag | m_BTmag | B-V    | e_B-V | r_B-V | V-I   | e_V-I | r_V-I | CombMag | Hpmag   | e_Hpmag | Hpscat | o_Hpmag | m_Hpmag | Hpmax | HPmin | Period | HvarType | moreVar | morePhoto | CCDM       | n_CCDM | Nsys | Ncomp | MultFlag | Source | Qual | m_HIP | theta | rho    | e_rho | dHp  | e_dHp | Survey | Chart | Notes | HD     | BD         | CoD        | CPD        | (V-I)red | SpType       | r_SpType
 60936 | 3C 273           | 12.88 | 187.27791820 |   2.05238781 | 3.59   | -11.01   | 4.38     | 0       |       | 12 29 06.70 | +02 03 08.6 |         | G      |          | 6.91    | 4.64    | 6.07  | 6.74   | 4.28   | -0.35 | -0.44  | 0.12   | -0.68   | 0.2     | 0.23     | 0.25    | -0.62   | -0.06    | -0.49     | 0   | 1.07  | 60936  |        |         |        |         |         | 0.12   | 0.02  | G     | 0.13  | 0.02  | R     |         | 12.786  | 0.0219  | 0.11   | 35      |         | 12.6  | 12.94 |        |          |         |           |            |        |      | 1     |          |        |      |       |       |        |       |      |       |        | G     |       |        |            |            |            | 0.13     |              |
 13847 | Acamar           |  2.88 |  44.56548180 | -40.30473491 | 20.22  | -53.53   | 25.71    | 1       | H     | 02 58 15.72 | -40 18 17.0 |         | H      | A        | 0.49    | 0.52    | 0.54  | 0.49   | 0.56   | -0.12 | 0.16   | -0.07  | -0.16   | -0.07   | 0.11     | -0.04   | -0.1    | 0.04     | -0.02     | 9   | 1.58  | 13847  | 3.052  | 0.002   | 2.898  | 0.002   | *       | 0.128  | 0.012 | G     | 0.17  | 0.02  | A     | *       | 2.9378  | 0.0011  | 0.009  | 135     | *       | 2.93  | 2.96  |        | D        |         |           | 02583-4018 | I      | 1    | 2     | C        |        | A    | AB    | 90    | 8.31   | 0.003 | 1.09 | 0.01  | S      |       |       | 18622  |            | C-40   771 | P-40   253 | 0.17     | A4III+...    | S
  7588 | Achernar         |  0.45 |  24.42813204 | -57.23666007 | 22.68  | 88.02    | -40.08   | 1       |       | 01 37 42.75 | -57 14 12.0 | 2       | G      |          | 0.48    | 0.47    | 0.57  | 0.62   | 0.54   | -0.12 | -0.1   | -0.14  | -0.2    | 0.16    | -0.01    | 0.22    | -0.05   | -0.2     | -0.2      | 1   | -0.37 | 7588   | 0.458  | 0.01    | 0.522  | 0.009   |         | -0.158 | 0.007 | G     | -0.17 | 0.02  | A     |         | 0.4233  | 0.0024  | 0.022  | 106     |         | 0.4   | 0.46  |        | U        | 2       |           |            |        |      | 1     | G        |        |      |       |       |        |       |      |       | S      |       | P     | 10144  |            |            | P-57   334 | -0.17    | B3Vp         | X
 60718 | Acrux            |  0.77 | 186.64975585 | -63.09905586 | 10.17  | -35.37   | -14.73   | 1       | H     | 12 26 35.94 | -63 05 56.6 |         | G      | A        | 0.55    | 0.68    | 0.67  | 0.58   | 0.66   | 0.18  | -0.05  | 0.23   | -0.11   | -0.06   | 0.03     | -0.11   | -0.32   | 0.11     | 0.2       | 11  | 0.63  | 60718  | 0.446  | 0.011   | 0.633  | 0.01    | *       | -0.243 | 0.012 | G     | -0.26 | 0.02  | A     | *       | 0.6739  | 0.0008  | 0.008  | 115     | *       | 0.66  | 0.69  |        | D        |         |           | 12266-6306 | I      | 1    | 2     | C        |        | A    | AB    | 113   | 4.102  | 0.002 | 0.39 | 0.01  | S      |       | P     | 108248 |            |            | P-62  2745 | -0.26    | B0.5IV       | X
 33579 | Adhara           |  1.50 | 104.65644451 | -28.97208931 | 7.57   | 2.63     | 2.29     | 1       |       | 06 58 37.55 | -28 58 19.5 | 1       | G      |          | 0.37    | 0.42    | 0.57  | 0.48   | 0.57   | 0.05  | 0      | -0.15  | 0.06    | 0       | -0.07    | -0.01   | 0.13    | 0.04     | 0.08      | 0   | -0.01 | 33579  | 1.35   | 0.006   | 1.5    | 0.005   |         | -0.211 | 0.006 | G     | -0.2  | 0.02  | A     |         | 1.416   | 0.0005  | 0.005  | 123     |         | 1.41  | 1.42  |        | M        |         |           | 06586-2858 | I      | 1    | 1     |          |        |      |       |       |        |       |      |       | S      |       |       | 52089  |            | C-28  3666 | P-28  1586 | -0.2     | B2II         | 3
 95947 | Albireo          |  3.05 | 292.68035529 |  27.95969480 | 8.46   | -7.09    | -5.63    | 0       | H     | 19 30 43.29 | +27 57 34.9 |         | H      | A        | 0.59    | 0.64    | 0.58  | 0.52   | 0.66   | -0.32 | -0.16  | -0.11  | 0.11    | -0.13   | 0.07     | -0.13   | 0.06    | -0.03    | -0.27     | 1   | -0.53 | 95947  | 4.478  | 0.002   | 3.2    | 0.001   | *       | 1.088  | 0.002 | T     | 1.05  | 0     | L     | *       | 3.2177  | 0.0004  | 0.004  | 164     | *       | 3.21  | 3.22  |        | D        |         |           | 19307+2758 | I      | 2    | 2     | C        |        | A    | AC    | 152   | 0.389  | 0.005 | 2.12 | 0.02  | S      |       |       | 183912 | B+27 3410  |            |            | 1.07     | K3II+...     | X
 65477 | Alcor            |  3.99 | 201.30589832 |  54.98799884 | 40.19  | 120.35   | -16.94   | 0       |       | 13 25 13.42 | +54 59 16.8 | 1       | H      |          | 0.41    | 0.47    | 0.57  | 0.43   | 0.51   | 0.04  | -0.04  | -0.29  | 0       | -0.06   | 0.03     | -0.05   | 0.01    | 0.02     | -0.11     | 1   | 1.28  | 65477  | 4.225  | 0.002   | 4.023  | 0.002   |         | 0.169  | 0.006 | G     | 0.19  | 0.03  | C     |         | 4.0506  | 0.0008  | 0.008  | 122     |         | 4.04  | 4.07  |        | U        | 2       |           | 13240+5456 | I      | 2    | 1     |          |        |      |       |       |        |       |      |       | S      |       |       | 116842 | B+55 1603  |            |            | 0.19     | A5V SB       | G
 17702 | Alcyone          |  2.85 |  56.87110065 |  24.10524193 | 8.87   | 19.35    | -43.11   | 0       |       | 03 47 29.06 | +24 06 18.9 |         | H      |          | 0.95    | 0.51    | 0.99  | 0.82   | 0.59   | 0.08  | 0.57   | -0.1   | 0.34    | 0.08    | -0.04    | 0.03    | 0.37    | -0.05    | 0.13      | 0   | -2.39 | 17702  | 2.787  | 0.003   | 2.866  | 0.003   |         | -0.086 | 0.012 | G     | -0.01 | 0.03  | C     |         | 2.848   | 0.0007  | 0.004  | 54      |         | 2.84  | 2.86  |        |          |         |           | 03474+2407 | I      | 1    | 1     |          |        |      |       |       |        |       |      |       | S      |       |       | 23630  | B+23  541  |            |            | -0.01    | B7III        | X
 21421 | Aldebaran        |  0.87 |  68.98000195 |  16.50976164 | 50.09  | 62.78    | -189.36  | 1       |       | 04 35 55.20 | +16 30 35.1 | 1       | G      |          | 0.85    | 0.53    | 0.95  | 0.85   | 0.63   | 0.31  | 0.49   | 0.08   | 0.19    | 0.14    | -0.26    | 0.03    | 0.46    | -0.24    | 0.29      | 0   | 0.13  | 21421  | 2.937  | 0.006   | 1.16   | 0.011   |         | 1.538  | 0.008 | G     | 1.67  | 0.02  | G     |         | 1.0024  | 0.0026  | 0.01   | 43      |         | 0.99  | 1.02  |        | M        |         |           | 04359+1631 | I      | 1    | 1     |          |        |      |       |       |        |       |      |       | S      |       |       | 29139  | B+16  629  |            |            | 1.67     | K5III        | X
105199 | Alderamin        |  2.45 | 319.64408982 |  62.58545529 | 66.84  | 149.91   | 48.27    | 0       |       | 21 18 34.58 | +62 35 07.6 |         | G      |          | 0.44    | 0.42    | 0.49  | 0.49   | 0.45   | -0.13 | -0.1   | 0.09   | 0.05    | 0.1     | 0.11     | 0.11    | -0.08   | 0.15     | 0.11      | 2   | 0.29  | 105199 | 2.762  | 0.002   | 2.492  | 0.002   |         | 0.257  | 0.003 | T     | 0.26  | 0.01  | G     |         | 2.5141  | 0.0004  | 0.004  | 104     |         | 2.51  | 2.52  |        |          |         |           | 21186+6236 | I      | 1    | 1     |          |        |      |       |       |        |       |      |       | S      |       |       | 203280 | B+61 2111  |            |            | 0.26     | A7IV-V       | X
  1067 | Algenib          |  2.83 |   3.30895828 |  15.18361593 | 9.79   | 4.7      | -8.24    | 0       |       | 00 13 14.15 | +15 11 01.0 | 1       | G      |          | 0.67    | 0.44    | 0.81  | 0.77   | 0.56   | 0.35  | 0.06   | 0.02   | 0.04    | 0.12    | -0.01    | 0.11    | 0.3     | -0.02    | 0.3       | 2   | 1.14  | 1067   | 2.585  | 0.002   | 2.803  | 0.002   |         | -0.19  | 0.002 | T     | -0.22 | 0.01  | G     |         | 2.7544  | 0.0009  | 0.007  | 115     |         | 2.74  | 2.77  | 0.15   | P        | 1       | A         | 00132+1511 | I      | 1    | 1     | G        |        |      |       |       |        |       |      |       | S      |       |       | 886    | B+14   14  |            |            | -0.22    | B2IV         | X
 50583 | Algieba          |  2.01 | 154.99234054 |  19.84186032 | 25.96  | 310.77   | -152.88  | 0       | H     | 10 19 58.16 | +19 50 30.7 | 1       | G      | A        | 0.92    | 0.65    | 0.83  | 1.13   | 0.67   | -0.34 | 0.28   | -0.24  | 0.12    | -0.27   | 0.18     | -0.25   | 0.36    | -0.17    | -0.33     | 7   | 0.56  | 50583  | 3.792  | 0.067   | 2.366  | 0.046   | A       | 1.128  | 0.029 | G     | 1.17  | 0.01  | L     | *       | 2.1684  | 0.0011  | 0.006  | 62      | *       | 2.16  | 2.2   |        | U        | 2       |           | 10199+1951 | I      | 1    | 2     | C        |        | A    | AB    | 124   | 4.581  | 0.005 | 1.15 | 0.01  | S      |       | W     | 89484  | B+20 2467  |            |            | 1.17     | K0III        | X
 14576 | Algol            |  2.09 |  47.04220716 |  40.95565120 | 35.14  | 2.39     | -1.44    | 0       |       | 03 08 10.13 | +40 57 20.3 | 3       | H      | +        | 0.71    | 0.58    | 0.9   | 0.77   | 0.88   | 0.5   | -0.22  | -0.27  | -0.37   | -0.18   | 0.45     | 0.05    | 0.01    | -0.06    | 0.41      | 6   | -1.29 | 14576  | 2.1    | 0.003   | 2.105  | 0.004   |         | -0.003 | 0.004 | T     | 0.02  | 0     | L     |         | 2.097   | 0.002   | 0.014  | 70      |         | 2.08  | 2.22  |        | P        | 1       | A         | 03082+4057 | I      | 1    | 1     | O        |        |      |       |       |        |       |      |       | S      |       | W     | 19356  | B+40  673  |            |            | 0.04     | B8V          | X
 31681 | Alhena           |  1.93 |  99.42792641 |  16.39941482 | 31.12  | -2.04    | -66.92   | 0       |       | 06 37 42.70 | +16 23 57.9 |         | G      |          | 2.42    | 1.8     | 2.33  | 3.77   | 2.6    | 0.3   | 0.27   | -0.07  | -0.43   | -0.42   | 0.04     | -0.35   | -0.6    | -0.07    | 0.66      | 6   |       | 31681  |        |         | 2.024  | 0.009   |         | 0.001  | 0.005 | G     | 0.04  | 0     | G     |         | 1.929   | 0.0008  | 0.004  | 49      |         | 1.92  | 1.94  |        |          |         |           | 06377+1624 | I      | 1    | 1     | X        |        |      |       |       |        |       |      |       | S      |       | D     | 47105  | B+16 1223  |            |            | 0.04     | A0IV         | X
 62956 | Alioth           |  1.76 | 193.50680410 |  55.95984301 | 40.3   | 111.74   | -8.99    | 1       |       | 12 54 01.63 | +55 57 35.4 | 1       | G      |          | 0.43    | 0.47    | 0.62  | 0.45   | 0.49   | 0.04  | 0.08   | -0.34  | -0.14   | 0.05    | -0.2     | -0.01   | 0.13    | -0.07    | -0.01     | 3   | -0.06 | 62956  | 1.813  | 0.006   | 1.764  | 0.005   |         | -0.022 | 0.003 | G     | -0.04 | 0.03  | C     |         | 1.7545  | 0.0007  | 0.008  | 113     |         | 1.74  | 1.77  | 5.08   | P        | 1       | A         |            |        |      | 1     |          |        |      |       |       |        |       |      |       | S      |       |       | 112185 | B+56 1627  |            |            | -0.04    | A0p          | G
 67301 | Alkaid           |  1.85 | 206.88560880 |  49.31330288 | 32.39  | -121.23  | -15.56   | 1       |       | 13 47 32.55 | +49 18 47.9 | 1       | G      |          | 0.45    | 0.59    | 0.74  | 0.5    | 0.57   | 0.24  | -0.2   | -0.53  | 0       | 0.03    | -0.15    | -0.1    | -0.13   | 0.12     | -0.01     | 0   | 1.22  | 67301  | 1.727  | 0.006   | 1.842  | 0.006   |         | -0.099 | 0.007 | T     | -0.08 | 0.01  | L     |         | 1.7994  | 0.0008  | 0.007  | 97      |         | 1.79  | 1.81  |        | M        |         |           |            |        |      | 1     |          |        |      |       |       |        |       |      |       | S      |       |       | 120315 | B+50 2027  |            |            | -0.23    | B3V SB       | G
 9640  | Almaak           |  2.10 |  30.97466283 |  42.32984832 | 9.19   | 43.08    | -50.85   | 0       | H     | 02 03 53.92 | +42 19 47.5 |         | H      | A        | 0.7     | 0.56    | 0.73  | 0.66   | 0.58   | 0.07  | 0.24   | -0.06  | -0.23   | 0.02    | 0.11     | 0.06    | -0.28   | 0.05     | 0.26      | 9   | 2.21  | 9640   | 4.006  | 0.006   | 2.33   | 0.004   | A       | 1.37   | 0.4   | G     | 1.37  | 0.01  | L     | *       | 2.2409  | 0.0018  | 0.012  | 81      | *       | 2.23  | 2.27  |        | D        |         |           | 02039+4220 | I      | 1    | 2     | C        |        | A    | AB    | 63    | 9.576  | 0.011 | 2.69 | 0.05  | S      |       | W     | 12533  | B+41  395  |            |            | 1.37     | B8V          | X
109268 | Alnair           |  1.73 | 332.05781838 | -46.96061593 | 32.16  | 127.6    | -147.91  | 1       |       | 22 08 13.88 | -46 57 38.2 | 1       | G      |          | 0.49    | 0.5     | 0.82  | 0.44   | 0.5    | 0.37  | -0.4   | -0.23  | -0.1    | 0.09    | 0.17     | 0.22    | 0.34    | -0.24    | 0.25      | 1   | -0.23 | 109268 | 1.675  | 0.004   | 1.757  | 0.004   |         | -0.07  | 0.005 | T     | -0.05 | 0.01  | L     |         | 1.6983  | 0.0004  | 0.005  | 133     |         | 1.69  | 1.71  |        | M        |         |           | 22082-4658 | I      | 1    | 1     |          |        | S    |       |       |        |       |      |       | S      |       |       | 209952 |            | C-47 14063 | P-47  9830 | -0.12    | B7IV         | X
 26311 | Alnilam          |  1.69 |  84.05338572 |  -1.20191725 | 2.43   | 1.49     | -1.06    | 1       |       | 05 36 12.81 | -01 12 06.9 | 1       | G      |          | 0.72    | 0.41    | 0.91  | 0.8    | 0.44   | 0.05  | 0.46   | -0.08  | 0.35    | -0.28   | 0.15     | -0.34   | 0.42    | -0.4     | 0.05      | 0   | -0.45 | 26311  | 1.553  | 0.007   | 1.692  | 0.005   |         | -0.184 | 0.008 | G     | -0.16 | 0.02  | A     |         | 1.6235  | 0.0017  | 0.013  | 96      |         | 1.6   | 1.65  |        | U        | 2       |           | 05363-0112 | I      | 1    | 1     |          |        |      |       |       |        |       |      |       | S      |       |       | 37128  | B-01  969  |            |            | -0.16    | B0Ia         | X
 26727 | Alnitak          |  1.74 |  85.18968672 |  -1.94257841 | 3.99   | 3.99     | 2.54     | 0       | H     | 05 40 45.52 | -01 56 33.3 |         | H      | A        | 0.7     | 0.41    | 0.79  | 0.74   | 0.4    | 0.15  | 0.28   | -0.15  | -0.2    | -0.37   | 0.17     | -0.42   | 0.05    | -0.35    | -0.02     | 9   | 0.87  | 26727  | 1.566  | 0.005   | 1.697  | 0.004   | *       | -0.199 | 0.022 | G     | -0.18 | 0.02  | A     | *       | 1.6812  | 0.0011  | 0.009  | 88      | *       | 1.67  | 1.69  |        | D        |         |           | 05408-0156 | I      | 1    | 2     | C        |        | A    | AB    | 164   | 2.419  | 0.006 | 2.13 | 0.03  | S      |       | P     | 37742  | B-02 1338  |            |            | -0.18    | O9.5Ib SB    | G
 46390 | Alphard          |  1.99 | 141.89688260 |  -8.65868335 | 18.4   | -14.49   | 33.25    | 1       |       | 09 27 35.25 | -08 39 31.3 | 1       | H      |          | 0.69    | 0.52    | 0.78  | 0.89   | 0.63   | -0.24 | 0.09   | 0.11   | -0.1    | 0.13    | 0.07     | 0.14    | 0.09    | -0.12    | -0.44     | 2   | 0.2   | 46390  | 3.904  | 0.003   | 2.161  | 0.004   |         | 1.44   | 0     | G     | 1.39  | 0.02  | A     |         | 2.1351  | 0.0006  | 0.007  | 67      |         | 2.13  | 2.15  |        | M        |         |           | 09277-0841 | I      | 1    | 1     |          |        |      |       |       |        |       |      |       | S      |       |       | 81797  | B-08 2680  |            |            | 1.39     | K3III        | X
 76267 | Alphecca         |  2.22 | 233.67162293 |  26.71491041 | 43.65  | 120.38   | -89.44   | 1       |       | 15 34 41.19 | +26 42 53.7 | 2       | G      | +        | 0.54    | 0.5     | 0.79  | 0.55   | 0.52   | -0.14 | -0.26  | -0.16  | 0.23    | -0.27   | 0.05     | -0.29   | 0.19    | -0.02    | -0.21     | 1   | -0.22 | 76267  | 2.252  | 0.002   | 2.217  | 0.003   |         | 0.032  | 0.003 | T     | 0.05  | 0     | L     |         | 2.221   | 0.0006  | 0.007  | 93      |         | 2.21  | 2.29  |        | U        | 2       |           |            |        |      | 1     | O        |        |      |       |       |        |       |      |       | S      |       | P     | 139006 | B+27 2512  |            |            | -0.01    | A0V          | X
   677 | Alpheratz        |  2.07 |   2.09653333 |  29.09082805 | 33.6   | 135.68   | -162.95  | 1       |       | 00 08 23.17 | +29 05 27.0 | 1       | H      | +        | 0.8     | 0.5     | 0.73  | 0.63   | 0.45   | 0.37  | 0.32   | -0.05  | 0.35    | 0.09    | 0.02     | -0.16   | -0.1    | 0.1      | -0.18     | 2   | -0.48 | 677    | 2.003  | 0.003   | 2.05   | 0.004   |         | -0.038 | 0.005 | T     | -0.1  | 0.03  | C     |         | 2.0371  | 0.0006  | 0.005  | 79      |         | 2.03  | 2.05  |        | M        |         |           | 00083+2905 | I      | 1    | 1     | O        |        |      |       |       |        |       |      |       | S      |       | P     | 358    | B+28    4  |            |            | -0.1     | B9p          | X
 98036 | Alshain          |  3.71 | 298.82819233 |   6.40793334 | 72.95  | 46.35    | -481.32  | 0       |       | 19 55 18.77 | +06 24 28.6 |         | H      |          | 0.61    | 0.51    | 0.83  | 0.76   | 0.69   | 0.34  | -0.08  | -0.22  | 0.39    | -0.04   | 0.26     | -0.01   | 0.41    | -0.17    | 0.21      | 0   | -0.2  | 98036  | 4.798  | 0.003   | 3.814  | 0.002   |         | 0.855  | 0.007 | G     | 0.89  | 0.02  | A     |         | 3.8668  | 0.0004  | 0.004  | 142     |         | 3.86  | 3.87  |        |          |         |           | 19553+0625 | I      | 1    | 1     |          |        |      |       |       |        |       |      |       | S      |       |       | 188512 | B+06 4357  |            |            | 0.89     | G8IVvar      | X
 97649 | Altair           |  0.76 | 297.69450860 |   8.86738491 | 194.44 | 536.82   | 385.54   | 1       |       | 19 50 46.68 | +08 52 02.6 | 1       | G      |          | 0.6     | 0.53    | 0.94  | 0.73   | 0.68   | 0.2   | -0.24  | -0.33  | 0.27    | -0.14   | 0.36     | -0.04   | 0.41    | 0.05     | 0.04      | 0   | 0.36  | 97649  | 1.248  | 0.012   | 0.955  | 0.01    |         | 0.221  | 0.01  | G     | 0.27  | 0.02  | A     |         | 0.8273  | 0.0011  | 0.006  | 41      |         | 0.82  | 0.87  | 7.94   | P        | 1       | A         | 19508+0852 | I      | 1    | 1     |          |        |      |       |       |        |       |      |       | S      |       | P     | 187642 | B+08 4236  |            |            | 0.27     | A7IV-V       | X
  2081 | Ankaa            |  2.40 |   6.57028075 | -42.30512197 | 42.14  | 232.76   | -353.64  | 1       |       | 00 26 16.87 | -42 18 18.4 |         | G      |          | 0.46    | 0.56    | 0.78  | 0.54   | 0.82   | 0.07  | -0.09  | -0.29  | 0.14    | -0.04   | 0.12     | 0       | -0.52   | 0.29     | 0.14      | 3   | 0.56  | 2081   | 3.802  | 0.003   | 2.519  | 0.003   |         | 1.083  | 0.016 | G     | 1.11  | 0.02  | A     |         | 2.5512  | 0.0005  | 0.004  | 125     |         | 2.54  | 2.56  |        |          |         |           | 00263-4218 | I      | 1    | 1     | G        |        |      |       |       |        |       |      |       | S      |       |       | 2261   |            | C-42   116 | P-42    34 | 1.11     | K0III...     | X
 80763 | Antares          |  1.06 | 247.35194804 | -26.43194608 | 5.4    | -10.16   | -23.21   | 1       |       | 16 29 24.47 | -26 25 55.0 | 2       | H      |          | 1.52    | 1.08    | 1.68  | 2      | 1.34   | -0.3  | -0.1   | -0.11  | 0.03    | 0.1     | -0.1     | 0.07    | 0.29    | -0.1     | -0.21     | 0   |       | 80763  | 3.494  | 0.015   | 1.287  | 0.008   |         | 1.865  | 0.014 | T     | 2.9   | 0.03  | O     |         | 0.9757  | 0.0055  | 0.042  | 73      |         | 0.91  | 1.07  |        | U        | 2       |           | 16294-2626 | I      | 1    | 1     | X        |        | S    |       |       |        |       |      |       | S      |       |       | 148478 |            | C-26 11359 | P-26  5648 | 4.31     | M1Ib + B2.5V | G
 69673 | Arcturus         | -0.05 | 213.91811403 |  19.18726997 | 88.85  | -1093.45 | -1999.4  | 1       | H     | 14 15 40.35 | +19 11 14.2 | 1       | G      | *        | 0.92    | 0.42    | 0.74  | 0.6    | 0.52   | -0.52 | 0.16   | -0.13  | -0.07   | 0.05    | -0.01    | 0.03    | -0.12   | -0.03    | -0.31     | 7   | 2.01  | 69673  | 1.629  | 0.01    | 0.286  | 0.009   | *       | 1.239  | 0.006 | G     | 1.22  | 0.02  | A     | *       | 0.1114  | 0.002   | 0.015  | 70      | *       | 0.09  | 0.14  |        | U        | 2       |           | 14157+1911 | H      | 1    | 2     | C        |        | A    | AB    | 198   | 0.255  | 0.039 | 3.33 | 0.31  | S      |       |       | 124897 | B+19 2777  |            |            | 1.22     | K2IIIp       | X
 25985 | Arneb            |  2.58 |  83.18255798 | -17.82229227 | 2.54   | 3.27     | 1.54     | 0       |       | 05 32 43.81 | -17 49 20.3 | 1       | G      |          | 0.43    | 0.46    | 0.72  | 0.58   | 0.57   | -0.02 | 0.16   | -0.19  | -0.02   | -0.04   | -0.19    | -0.12   | 0.16    | -0.25    | 0.16      | 3   | -0.91 | 25985  | 2.879  | 0.002   | 2.62   | 0.001   |         | 0.211  | 0.008 | G     | 0.32  | 0.02  | A     |         | 2.6426  | 0.0005  | 0.005  | 150     |         | 2.64  | 2.65  |        | M        |         |           | 05327-1750 | I      | 1    | 1     |          |        | S    |       |       |        |       |      |       | S      |       |       | 36673  | B-17 1166  |            |            | 0.32     | F0Ib         | 4
 82273 | Atria            |  1.91 | 252.16610742 | -69.02763503 | 7.85   | 17.85    | -32.92   | 1       |       | 16 48 39.87 | -69 01 39.5 | 1       | G      |          | 0.34    | 0.46    | 0.63  | 0.46   | 0.6    | -0.02 | -0.11  | -0.24  | 0.03    | 0.03    | -0.02    | -0.01   | -0.18   | 0.25     | -0.07     | 0   | 0.6   | 82273  | 3.816  | 0.002   | 2.081  | 0.002   |         | 1.447  | 0.002 | T     | 1.45  | 0     | L     |         | 2.0711  | 0.0006  | 0.005  | 129     |         | 2.06  | 2.08  |        | M        |         |           |            |        |      | 1     |          |        |      |       |       |        |       |      |       | S      |       |       | 150798 |            |            | P-68  2822 | 1.33     | K2IIb-IIIa   | G
 41037 | Avior            |  1.86 | 125.62860299 | -59.50953829 | 5.16   | -25.34   | 22.72    | 1       | H     | 08 22 30.86 | -59 30 34.3 | 2       | G      | A        | 0.69    | 0.61    | 0.49  | 0.53   | 0.45   | -0.08 | -0.04  | -0.06  | 0.12    | -0.17   | 0.02     | -0.2    | -0.07   | 0.15     | -0.18     | 2   | 1.95  | 41037  | 3.496  | 0.003   | 2.08   | 0.003   | *       | 1.196  | 0.003 | T     | 1.16  | 0     | L     | *       | 1.9996  | 0.0033  | 0.021  | 79      | *       | 1.96  | 2.04  |        | U        | 2       |           | 08225-5931 | H      | 1    | 2     | C        |        | A    | AB    | 132   | 0.463  | 0.005 | 1.96 | 0.02  | S      |       | P     | 71129  |            |            | P-59  1032 | 1.58     | K3III+B2V    | G
112247 | Babcock's star   |  8.83 | 341.03125151 |  55.58922817 | 1.4    | 4.96     | -0.98    | 0       |       | 22 44 07.50 | +55 35 21.2 | 2       | H      |          | 0.72    | 0.64    | 0.9   | 0.85   | 0.68   | -0.21 | -0.18  | 0.22   | 0.05    | 0.04    | 0.2      | -0.01   | -0.08   | 0.11     | -0.1      | 0   | 0.01  | 112247 | 8.857  | 0.011   | 8.818  | 0.014   |         | 0.031  | 0.015 | G     | 0.05  | 0.01  | H     |         | 8.843   | 0.0108  | 0.057  | 127     |         | 8.77  | 8.92  | 9.49   | P        | 1       | A         |            |        |      | 1     |          |        |      |       |       |        |       |      |       |        |       | P     | 215441 | B+54 2846  |            |            | 0.05     | A0p          | X
 87937 | Barnard's star   |  9.54 | 269.45402305 |   4.66828815 | 549.01 | -797.84  | 10326.93 | 0       |       | 17 57 48.97 | +04 40 05.8 |         | G      |          | 1.33    | 1.08    | 1.58  | 1.61   | 1.29   | 0.1   | -0.16  | -0.19  | -0.29   | -0.05   | 0.15     | -0.01   | -0.26   | -0.1     | 0.21      | 0   | 0.59  | 87937  |        |         |        |         |         | 1.57   | 0.015 | G     | 2.52  | 0.06  | I     |         | 9.4901  | 0.0048  | 0.031  | 71      |         | 9.44  | 9.54  |        |          |         |           | 17578+0441 | I      | 1    | 1     |          |        |      |       |       |        |       |      |       |        |       |       |        | B+04 3561a |            |            | 2.52     | sdM4         | X
 25336 | Bellatrix        |  1.64 |  81.28278416 |   6.34973451 | 13.42  | -8.75    | -13.28   | 1       |       | 05 25 07.87 | +06 20 59.0 | 1       | G      |          | 0.94    | 0.59    | 0.98  | 0.99   | 0.62   | 0.24  | 0.43   | -0.16  | 0.01    | 0.1     | -0.13    | 0.02    | 0.57    | -0.16    | 0.35      | 0   | 0.47  | 25336  | 1.468  | 0.012   | 1.629  | 0.008   |         | -0.224 | 0.008 | G     | -0.22 | 0.02  | A     |         | 1.5493  | 0.0008  | 0.006  | 47      |         | 1.54  | 1.57  |        | M        |         |           | 05252+0620 | I      | 1    | 1     |          |        |      |       |       |        |       |      |       | S      |       |       | 35468  | B+06  919  |            |            | -0.22    | B2III        | X
 27989 | Betelgeuse       |  0.45 |  88.79287161 |   7.40703634 | 7.63   | 27.33    | 10.86    | 1       |       | 05 55 10.29 | +07 24 25.3 | 2       | H      |          | 1.51    | 1.13    | 1.64  | 2.3    | 1.46   | 0.08  | 0.19   | -0.26  | -0.21   | -0.27   | 0.11     | -0.15   | -0.5    | 0.21     | 0.28      | 0   |       | 27989  | 2.849  | 0.009   | 0.769  | 0.019   |         | 1.5    | 0.51  | G     | 2.32  | 0.02  | A     |         | 0.4997  | 0.0234  | 0.109  | 57      |         | 0.33  | 0.62  |        | U        | 2       | C         | 05552+0724 | I      | 1    | 1     | X        |        | S    |       |       |        |       |      |       | S      |       | P     | 39801  | B+07 1055  |            |            | 2.32     | M2Ib         | X
 96295 | Campbell's star  | 10.00 | 293.68847988 |  30.51639594 | -1.63  | -4.16    | -10.19   | 0       |       | 19 34 45.24 | +30 30 59.0 | 2       | G      |          | 1.41    | 1.67    | 2.37  | 1.52   | 1.73   | -0.07 | 0.09   | -0.02  | 0.3     | 0.09    | 0.24     | 0.1     | 0.04    | -0.05    | -0.03     | 0   | 1.37  | 96295  | 10.332 | 0.028   | 10.403 | 0.049   |         | -0.013 | 0.009 | G     | 0.01  | 0.01  | H     |         | 9.4823  | 0.0041  | 0.038  | 154     |         | 9.42  | 9.53  |        | U        | 2       | C         |            |        |      | 1     |          |        | S    |       |       |        |       |      |       |        | G     |       | 184738 | B+30 3639  |            |            | 0.01     | WC...        | X
 30438 | Canopus          | -0.62 |  95.98787763 | -52.69571799 | 10.43  | 19.99    | 23.67    | 1       |       | 06 23 57.09 | -52 41 44.6 | 2       | H      |          | 0.5     | 0.46    | 0.53  | 0.53   | 0.56   | 0.02  | 0.11   | -0.14  | -0.23   | -0.07   | 0.15     | -0.06   | 0.19    | -0.25    | -0.04     | 1   | 3.15  | 30438  | -0.417 | 0.019   | -0.608 | 0.016   |         | 0.164  | 0.017 | G     | 0.23  | 0.02  | A     |         | -0.5536 | 0.0066  | 0.039  | 87      |         | -0.6  | -0.48 |        | U        |         |           |            |        |      | 1     |          |        | S    |       |       |        |       |      |       | S      |       |       | 45348  |            |            | P-52   914 | 0.23     | F0Ib         | X
 24608 | Capella          |  0.08 |  79.17206517 |  45.99902927 | 77.29  | 75.52    | -427.13  | 1       |       | 05 16 41.30 | +45 59 56.5 | 1       | G      | +        | 0.8     | 0.51    | 0.89  | 0.77   | 0.5    | 0.27  | 0.51   | 0.13   | 0.06    | -0.01   | 0.01     | -0.07   | 0.03    | -0.12    | 0.16      | 2   | 3.79  | 24608  |        |         |        |         |         | 0.795  | 0.019 | G     | 0.83  | 0.01  | R     |         | 0.2385  | 0.0023  | 0.011  | 52      |         | 0.22  | 0.25  |        | U        | 2       |           | 05168+4559 | I      | 1    | 1     | O        |        |      |       |       |        |       |      |       | S      |       | P     | 34029  | B+45 1077  |            |            | 0.83     | M1: comp     | G
   746 | Caph             |  2.28 |   2.29204036 |  59.15021814 | 59.89  | 523.39   | -180.42  | 0       |       | 00 09 10.09 | +59 09 00.8 | 1       | H      |          | 0.36    | 0.42    | 0.56  | 0.41   | 0.48   | -0.08 | 0.19   | 0.11   | 0.09    | -0.09   | -0.1     | -0.05   | -0.07   | 0.14     | -0.12     | 0   | -1.06 | 746    | 2.72   | 0.003   | 2.318  | 0.003   |         | 0.38   | 0.004 | T     | 0.4   | 0.03  | C     |         | 2.3579  | 0.0017  | 0.014  | 130     |         | 2.34  | 2.38  | 0.1    | P        | 1       | A         | 00092+5909 | I      | 1    | 1     |          |        |      |       |       |        |       |      |       | S      |       | P     | 432    | B+58    3  |            |            | 0.4      | F2III-IV     | X
 36850 | Castor           |  1.58 | 113.65001898 |  31.88863645 | 63.27  | -206.33  | -148.18  | 0       | H     | 07 34 36.00 | +31 53 19.1 |         | G      | A        | 1.2     | 1.03    | 1.23  | 1.6    | 1.47   | -0.07 | 0.23   | 0.26   | -0.04   | 0.28    | 0.24     | 0.1     | -0.44   | -0.35    | -0.36     | 40  | 2.17  | 36850  |        |         |        |         |         | 0.034  | 0.002 | G     | 0.05  | 0     | R     | *       | 1.5811  | 0.0009  | 0.005  | 61      | *       | 1.57  | 1.59  |        | D        |         |           | 07346+3153 | I      | 1    | 2     | C        |        | C    | AB    | 76    | 3.124  | 0.002 | 1.04 | 0.01  | S      |       |       | 60179  | B+32 1581  |            |            | 0.05     | A2Vm         | S
 63125 | Cor Caroli       |  2.89 | 194.00767051 |  38.31824617 | 29.6   | -233.43  | 54.98    | 0       |       | 12 56 01.84 | +38 19 05.7 | 2       | G      | A        | 1.07    | 0.83    | 1.04  | 1.01   | 0.78   | 0.31  | -0.22  | -0.4   | -0.49   | -0.32   | 0.19     | -0.25   | 0.2     | -0.15    | 0.26      | 1   | 1.18  | 63125  | 2.81   | 0.003   | 2.874  | 0.004   | A       | -0.115 | 0.007 | G     | -0.13 | 0.03  | C     |         | 2.8471  | 0.0102  | 0.025  | 101     | A       | 2.82  | 2.9   | 5.47   | P        | 1       | A         | 12560+3819 | I      | 2    | 1     | C        | P      | A    |       |       |        |       |      |       | S      |       | P     | 112413 | B+39 2580  |            |            | -0.13    | A0spe...     | X
 98298 | Cyg X-1          |  8.84 | 299.59032641 |  35.20162271 | 0.58   | -3.82    | -7.62    | 0       |       | 19 58 21.68 | +35 12 05.8 | 2       | H      |          | 0.66    | 0.82    | 1.01  | 0.79   | 0.91   | -0.14 | -0.07  | 0.1    | -0.1    | 0.02    | -0.14    | 0.06    | -0.34   | -0.03    | -0.02     | 0   | 0.45  | 98298  | 9.828  | 0.022   | 9.02   | 0.017   |         | 0.73   | 0.021 | T     | 0.78  | 0.01  | L     |         | 8.9879  | 0.0032  | 0.03   | 134     |         | 8.94  | 9.03  |        | U        | 2       |           |            |        |      | 1     |          |        | S    |       |       |        |       |      |       |        |       | P     | 226868 | B+34 3815  |            |            | 0.72     | B0Ib         | X
102098 | Deneb            |  1.25 | 310.35797270 |  45.28033423 | 1.01   | 1.56     | 1.55     | 1       |       | 20 41 25.91 | +45 16 49.2 | 2       | G      |          | 0.52    | 0.42    | 0.57  | 0.62   | 0.41   | -0.1  | -0.15  | 0.02   | -0.21   | -0.06   | 0.09     | -0.07   | -0.24   | 0.23     | -0.16     | 4   | 0.46  | 102098 | 1.471  | 0.007   | 1.343  | 0.007   |         | 0.092  | 0.007 | G     | 0.16  | 0.03  | C     |         | 1.2966  | 0.0021  | 0.016  | 110     |         | 1.27  | 1.34  |        | U        | 2       |           | 20415+4517 | I      | 1    | 1     |          |        |      |       |       |        |       |      |       | S      |       | P     | 197345 | B+44 3541  |            |            | 0.16     | A2Ia         | X
 57632 | Denebola         |  2.14 | 177.26615977 |  14.57233687 | 90.16  | -499.02  | -113.78  | 1       |       | 11 49 03.88 | +14 34 20.4 |         | G      |          | 0.99    | 0.52    | 0.89  | 1.58   | 0.72   | -0.03 | 0.24   | -0.25  | 0.53    | 0.15    | -0.05    | 0.36    | -0.03   | 0.3      | 0.37      | 0   | 0.64  | 57632  | 2.3    | 0.003   | 2.143  | 0.004   |         | 0.09   | 0     | G     | 0.1   | 0     | H     |         | 2.1605  | 0.0006  | 0.005  | 64      |         | 2.15  | 2.17  |        |          |         |           | 11490+1433 | I      | 1    | 1     |          |        |      |       |       |        |       |      |       | S      |       |       | 102647 | B+15 2383  |            |            | 0.1      | A3Vvar       | X
  3419 | Diphda           |  2.04 |  10.89678452 | -17.98668410 | 34.04  | 232.79   | 32.71    | 1       |       | 00 43 35.23 | -17 59 12.1 | 1       | G      |          | 0.65    | 0.51    | 0.82  | 0.83   | 0.54   | 0.35  | -0.07  | -0.03  | -0.21   | 0.03    | 0.07     | 0.06    | -0.01   | -0.24    | 0.16      | 0   | -2.6  | 3419   | 3.362  | 0.004   | 2.159  | 0.004   |         | 1.019  | 0.021 | G     | 1     | 0.02  | A     |         | 2.2062  | 0.0008  | 0.007  | 95      |         | 2.2   | 2.23  |        | U        | 2       |           |            |        |      | 1     |          |        |      |       |       |        |       |      |       | S      |       |       | 4128   | B-18  115  |            |            | 1        | K0III        | 4
 54061 | Dubhe            |  1.81 | 165.93265365 |  61.75111888 | 26.38  | -136.46  | -35.25   | 1       | H     | 11 03 43.84 | +61 45 04.0 |         | H      | A        | 0.4     | 0.46    | 0.53  | 0.43   | 0.45   | 0.19  | 0.08   | -0.17  | -0.13   | 0       | -0.08    | -0.02   | -0.3    | 0        | 0.14      | 4   | 2.15  | 54061  | 3.185  | 0.002   | 1.934  | 0.003   | *       | 1.061  | 0.003 | T     | 1.03  | 0     | L     | *       | 1.9519  | 0.0004  | 0.005  | 158     | *       | 1.94  | 1.96  |        | D        |         |           | 11037+6145 | I      | 1    | 2     | C        |        | A    | AB    | 270   | 0.672  | 0.006 | 2.92 | 0.03  | S      |       |       | 95689  | B+62 1161  |            |            | 1.04     | F7V comp     | G
 25428 | Elnath           |  1.65 |  81.57290804 |  28.60787346 | 24.89  | 23.28    | -174.22  | 1       |       | 05 26 17.50 | +28 36 28.3 |         | G      |          | 0.8     | 0.52    | 0.88  | 1.03   | 0.57   | 0.1   | 0.23   | -0.15  | 0.14    | 0.2     | 0.24     | 0.18    | 0.33    | 0.01     | 0.3       | 3   | 0.41  | 25428  | 1.605  | 0.01    | 1.67   | 0.008   |         | -0.13  | 0.002 | G     | -0.09 | 0.03  | C     |         | 1.6151  | 0.0007  | 0.004  | 42      |         | 1.61  | 1.62  |        |          |         |           | 05263+2836 | I      | 1    | 1     |          |        |      |       |       |        |       |      |       | S      |       |       | 35497  | B+28  795  |            |            | -0.09    | B7III        | X
 87833 | Eltanin          |  2.24 | 269.15157439 |  51.48895101 | 22.1   | -8.52    | -23.05   | 1       |       | 17 56 36.38 | +51 29 20.2 | 1       | H      |          | 0.42    | 0.43    | 0.46  | 0.48   | 0.51   | -0.01 | 0.05   | 0.03   | 0.11    | 0.09    | -0.09    | 0.1     | 0.06    | 0        | 0.05      | 1   | 1.15  | 87833  | 4.256  | 0.003   | 2.413  | 0.003   |         | 1.521  | 0.005 | G     | 1.54  | 0.03  | C     |         | 2.3617  | 0.0008  | 0.006  | 100     |         | 2.35  | 2.37  |        | M        |         |           | 17566+5129 | I      | 1    | 1     |          |        |      |       |       |        |       |      |       | S      |       |       | 164058 | B+51 2282  |            |            | 1.54     | K5III        | X
107315 | Enif             |  2.38 | 326.04641808 |   9.87500791 | 4.85   | 30.02    | 1.38     | 1       |       | 21 44 11.14 | +09 52 30.0 | 1       | G      |          | 0.74    | 0.45    | 0.84  | 1.12   | 0.49   | 0.14  | 0.13   | 0.04   | 0.39    | 0.12    | 0.47     | 0.12    | -0.06   | 0.36     | 0.26      | 0   | -0.5  | 107315 | 4.402  | 0.003   | 2.569  | 0.004   |         | 1.52   | 0.51  | G     | 1.42  | 0.02  | A     |         | 2.546   | 0.0012  | 0.015  | 78      |         | 2.53  | 2.57  |        | U        | 2       |           | 21441+0953 | I      | 1    | 1     |          |        | S    |       |       |        |       |      |       | S      |       | P     | 206778 | B+09 4891  |            |            | 1.42     | K2Ibvar      | X
113368 | Fomalhaut        |  1.17 | 344.41177323 | -29.62183701 | 130.08 | 329.22   | -164.22  | 1       |       | 22 57 38.83 | -29 37 18.6 |         | G      |          | 0.79    | 0.64    | 0.92  | 1.05   | 0.73   | 0.43  | -0.16  | -0.38  | -0.39   | -0.21   | 0.32     | -0.06   | -0.07   | 0.23     | 0.49      | 6   | 2.95  | 113368 | 1.407  | 0.009   | 1.248  | 0.007   |         | 0.145  | 0.011 | T     | 0.16  | 0.01  | L     |         | 1.1808  | 0.0007  | 0.004  | 67      |         | 1.18  | 1.19  |        |          |         |           |            |        |      | 1     | G        |        |      |       |       |        |       |      |       | S      |       |       | 216956 |            | C-30 19370 | P-30  6685 | 0.08     | A3V          | 3
 61084 | Gacrux           |  1.59 | 187.79137202 | -57.11256922 | 37.09  | 27.94    | -264.33  | 1       |       | 12 31 09.93 | -57 06 45.2 | 2       | H      |          | 0.39    | 0.42    | 0.67  | 0.54   | 0.47   | 0.23  | -0.17  | 0.19   | 0.09    | 0       | 0.06     | -0.04   | -0.01   | 0.17     | 0.3       | 0   | -0.18 | 61084  | 3.653  | 0.004   | 1.832  | 0.004   |         | 1.6    | 0.008 | G     | 2.37  | 0.02  | A     |         | 1.6299  | 0.0027  | 0.029  | 150     |         | 1.59  | 1.68  |        | U        | 2       |           | 12312-5706 | I      | 1    | 1     |          |        | S    |       |       |        |       |      |       | S      |       |       | 108903 |            | C-56  4504 | P-56  5272 | 2.37     | M4III        | X
 59803 | Gienah           |  2.58 | 183.95194937 | -17.54198370 | 19.78  | -159.58  | 22.31    | 1       |       | 12 15 48.47 | -17 32 31.1 | 1       | G      |          | 0.63    | 0.49    | 0.81  | 0.66   | 0.54   | -0.24 | -0.21  | -0.2   | -0.03   | -0.08   | 0        | -0.13   | -0.08   | 0.17     | -0.45     | 0   | 0.42  | 59803  | 2.49   | 0.003   | 2.572  | 0.003   |         | -0.107 | 0.002 | G     | -0.1  | 0.02  | A     |         | 2.5477  | 0.0007  | 0.005  | 80      |         | 2.54  | 2.56  |        | M        |         |           |            |        |      | 1     |          |        |      |       |       |        |       |      |       | S      |       |       | 106625 | B-16 3424  |            |            | -0.1     | B8III        | 4
 57939 | Groombridge 1830 |  6.42 | 178.23256802 |  37.73280827 | 109.21 | 4003.69  | -5813    | 0       |       | 11 52 55.82 | +37 43 58.1 | 2       | H      |          | 0.6     | 0.44    | 0.78  | 0.66   | 0.44   | 0.01  | -0.03  | -0.11  | -0.3    | 0       | -0.03    | -0.02   | -0.28   | 0.24     | 0.1       | 0   | 1.31  | 57939  | 7.361  | 0.005   | 6.513  | 0.004   |         | 0.754  | 0.009 | G     | 0.88  | 0.02  | G     |         | 6.5641  | 0.0009  | 0.01   | 136     |         | 6.55  | 6.69  |        | U        | 2       |           |            |        |      | 1     |          |        |      |       |       |        |       |      |       | S      |       |       | 103095 | B+38 2285  |            |            | 0.88     | G8Vp         | X
 68702 | Hadar            |  0.61 | 210.95601898 | -60.37297840 | 6.21   | -33.96   | -25.06   | 1       | H     | 14 03 49.44 | -60 22 22.7 | 1       | G      | A        | 0.43    | 0.44    | 0.56  | 0.51   | 0.45   | -0.11 | -0.16  | 0.14   | -0.07   | 0.15    | -0.07    | 0.21    | -0.29   | -0.08    | 0.57      | 6   | 1.36  | 68702  | 0.435  | 0.014   | 0.609  | 0.013   | *       | -0.231 | 0.017 | G     | -0.25 | 0.02  | A     | *       | 0.5366  | 0.0014  | 0.009  | 86      | *       | 0.52  | 0.56  |        | U        | 2       |           | 14038-6022 | I      | 1    | 2     | C        |        | A    | AB    | 234   | 0.871  | 0.012 | 3.37 | 0.07  | S      |       |       | 122451 |            |            | P-59  5365 | -0.25    | B1III        | X
  9884 | Hamal            |  2.01 |  31.79285757 |  23.46277743 | 49.48  | 190.73   | -145.77  | 1       |       | 02 07 10.29 | +23 27 46.0 |         | G      |          | 0.77    | 0.58    | 0.99  | 1.01   | 0.77   | 0.2   | 0.26   | -0.25  | -0.01   | 0       | 0.02     | 0.1     | -0.35   | 0.29     | 0.33      | 0   | 0.85  | 9884   | 3.524  | 0.003   | 2.152  | 0.004   |         | 1.151  | 0.006 | G     | 1.13  | 0     | G     |         | 2.1726  | 0.0007  | 0.004  | 58      |         | 2.17  | 2.19  |        |          |         |           |            |        |      | 1     |          |        |      |       |       |        |       |      |       | S      |       |       | 12929  | B+22  306  |            |            | 1.13     | K2III        | X
 72105 | Izar             |  2.35 | 221.24687869 |  27.07417383 | 15.55  | -50.65   | 20       | 0       | H     | 14 44 59.25 | +27 04 27.0 |         | H      | A        | 0.58    | 0.52    | 0.78  | 0.68   | 0.62   | 0.23  | -0.39  | -0.46  | 0.19    | 0.01    | -0.1     | 0.01    | 0.21    | -0.09    | -0.49     | 1   | 0.31  | 72105  | 3.562  | 0.004   | 2.47   | 0.003   | *       | 0.966  | 0.004 | G     | 0.95  | 0     | H     | *       | 2.5167  | 0.0005  | 0.004  | 87      | *       | 2.51  | 2.52  |        | D        |         |           | 14449+2704 | I      | 1    | 2     | C        |        | A    | AB    | 341   | 2.867  | 0.003 | 2.19 | 0.02  | S      |       |       | 129988 | B+27 2417  |            |            | 0.95     | A0           | S
 24186 | Kapteyn's star   |  8.86 |  77.89672045 | -45.00448677 | 255.26 | 6506.05  | -5731.39 | 0       |       | 05 11 35.21 | -45 00 16.2 | 2       | G      |          | 0.74    | 0.77    | 0.86  | 0.95   | 0.9    | -0.1  | 0.17   | -0.06  | -0.1    | -0.09   | 0        | -0.05   | -0.02   | 0.07     | -0.23     | 0   | 0.54  | 24186  |        |         |        |         |         | 1.543  | 0.02  | G     | 1.96  | 0     | A     |         | 8.932   | 0.0025  | 0.028  | 94      |         | 8.9   | 9.22  |        | U        | 2       |           |            |        |      | 1     |          |        |      |       |       |        |       |      |       |        |       |       | 33793  |            | C-45  1841 | P-44   612 | 1.96     | M0V          | X
 90185 | Kaus Australis   |  1.79 | 276.04310967 | -34.38431460 | 22.55  | -39.61   | -124.05  | 1       |       | 18 24 10.35 | -34 23 03.5 |         | H      |          | 0.9     | 0.6     | 1.02  | 0.92   | 0.59   | -0.09 | -0.44  | 0.28   | 0.04    | -0.13   | -0.17    | 0.01    | -0.42   | -0.3     | -0.13     | 6   | 0.56  | 90185  | 1.833  | 0.007   | 1.81   | 0.007   |         | -0.031 | 0.004 | G     | 0.01  | 0.02  | A     |         | 1.7986  | 0.0008  | 0.004  | 43      |         | 1.79  | 1.81  |        |          |         |           | 18242-3423 | I      | 1    | 1     |          |        |      |       |       |        |       |      |       | S      |       |       | 169022 |            | C-34 12784 |            | 0.01     | B9.5III      | 3
 72607 | Kochab           |  2.07 | 222.67664751 |  74.15547596 | 25.79  | -32.29   | 11.91    | 1       |       | 14 50 42.40 | +74 09 19.7 | 1       | H      |          | 0.44    | 0.49    | 0.52  | 0.45   | 0.57   | 0.2   | -0.31  | -0.28  | -0.05   | -0.06   | 0.15     | -0.01   | -0.02   | -0.03    | 0.17      | 3   | 0.85  | 72607  | 4.015  | 0.003   | 2.238  | 0.003   |         | 1.465  | 0.005 | G     | 1.46  | 0.03  | C     |         | 2.2044  | 0.0008  | 0.008  | 99      |         | 2.19  | 2.22  |        | M        |         |           | 14506+7410 | I      | 1    | 1     |          |        |      |       |       |        |       |      |       | S      |       |       | 131873 | B+74  595  |            |            | 1.46     | K4IIIvar     | X
110893 | Kruger 60        |  9.59 | 337.00174003 |  57.69702005 | 249.52 | -870.23  | -471.1   | 0       | H     | 22 28 00.42 | +57 41 49.3 |         | G      | A        | 3.09    | 2.86    | 3.03  | 3      | 2.97   | 0.03  | 0.19   | 0.17   | 0.12    | 0.01    | 0.08     | -0.03   | -0.13   | -0.18    | 0.05      | 4   | 1.29  | 110893 | 11.669 | 0.113   | 9.971  | 0.039   | A       | 1.613  | 0.003 | G     | 2.63  | 0.01  | I     | *       | 9.5728  | 0.0027  | 0.024  | 105     | *       | 9.53  | 9.61  |        | D        |         |           | 22281+5741 | I      | 2    | 2     | C        |        | A    | AB    | 128   | 3.4    | 0.022 | 1.61 | 0.06  |        | G     |       | 239960 | B+56 2783  |            |            | 2.63     | M2V          | X
 36208 | Luyten's star    |  9.84 | 111.85068549 |   5.23476432 | 263.26 | 571.27   | -3694.25 | 0       |       | 07 27 24.16 | +05 14 05.2 |         | G      |          | 1.31    | 0.79    | 1.43  | 1.41   | 0.9    | 0.06  | 0.27   | 0.06   | -0.39   | -0.04   | -0.13    | -0.05   | -0.46   | 0.07     | -0.21     | 0   | 1.38  | 36208  |        |         |        |         |         | 1.573  | 0.043 | G     | 2.71  | 0.02  | A     |         | 9.8128  | 0.0021  | 0.021  | 119     |         | 9.77  | 9.85  |        | C        |         |           |            |        |      | 1     |          |        |      |       |       |        |       |      |       |        | G     |       |        | B+05 1668  |            |            | 2.71     | M5           | S
113963 | Markab           |  2.49 | 346.19007020 |  15.20536786 | 23.36  | 61.1     | -42.56   | 1       |       | 23 04 45.62 | +15 12 19.3 |         | G      |          | 0.61    | 0.43    | 0.76  | 0.63   | 0.6    | 0.22  | 0.14   | 0.01   | 0.15    | 0.03    | 0.01     | 0.07    | 0.06    | 0.36     | 0.11      | 0   | -0.8  | 113963 | 2.48   | 0.003   | 2.487  | 0.002   |         | -0.002 | 0.003 | T     | 0     | 0.03  | G     |         | 2.4784  | 0.0004  | 0.003  | 98      |         | 2.47  | 2.48  |        |          |         |           |            |        |      | 1     |          |        |      |       |       |        |       |      |       | S      |       |       | 218045 | B+14 4926  |            |            | 0        | B9.5III      | X
 59774 | Megrez           |  3.32 | 183.85603795 |  57.03259792 | 40.05  | 103.56   | 7.81     | 0       |       | 12 15 25.45 | +57 01 57.4 |         | H      |          | 0.42    | 0.47    | 0.6   | 0.56   | 0.54   | 0.17  | 0.11   | -0.21  | 0.26    | -0.15   | 0.24     | -0.08   | 0.27    | -0.03    | 0.26      | 0   | -0.62 | 59774  | 3.421  | 0.002   | 3.314  | 0.002   |         | 0.077  | 0.005 | G     | 0.03  | 0.05  | D     |         | 3.3353  | 0.0004  | 0.004  | 138     |         | 3.33  | 3.34  |        | C        |         |           | 12155+5702 | I      | 1    | 1     |          |        |      |       |       |        |       |      |       | S      |       |       | 106591 | B+57 1363  |            |            | 0.03     | A3Vvar       | X
 14135 | Menkar           |  2.54 |  45.56991279 |   4.08992539 | 14.82  | -11.81   | -78.76   | 1       |       | 03 02 16.78 | +04 05 23.7 | 1       | H      |          | 0.77    | 0.58    | 0.83  | 0.87   | 0.65   | 0.3   | 0.27   | -0.05  | 0.37    | 0.2     | -0.16    | 0.09    | 0.14    | -0.22    | 0.27      | 0   | 2.33  | 14135  | 4.688  | 0.005   | 2.736  | 0.004   |         | 1.63   | 0.04  | G     | 1.97  | 0.02  | A     |         | 2.6196  | 0.0033  | 0.012  | 41      |         | 2.6   | 2.64  |        | U        | 2       |           |            |        |      | 1     |          |        | S    |       |       |        |       |      |       | S      |       | P     | 18884  | B+03  419  |            |            | 1.97     | M2III        | X
 68933 | Menkent          |  2.06 | 211.67218608 | -36.36869575 | 53.52  | -519.29  | -517.87  | 1       |       | 14 06 41.32 | -36 22 07.3 |         | G      |          | 0.62    | 0.49    | 0.79  | 0.69   | 0.62   | -0.2  | -0.25  | -0.05  | 0.16    | -0.01   | -0.1     | -0.07   | -0.09   | 0.32     | -0.15     | 4   | 1.04  | 68933  | 3.384  | 0.005   | 2.19   | 0.006   |         | 1.011  | 0.013 | G     | 1.01  | 0.02  | A     |         | 2.2226  | 0.0004  | 0.004  | 77      |         | 2.22  | 2.23  |        | C        |         |           | 14067-3622 | I      | 1    | 1     |          |        |      |       |       |        |       |      |       | S      |       |       | 123139 |            | C-35  9260 | P-35  6109 | 1.01     | K0IIIb       | 3
 53910 | Merak            |  2.34 | 165.45996150 |  56.38234478 | 41.07  | 81.66    | 33.74    | 0       |       | 11 01 50.39 | +56 22 56.4 |         | H      |          | 0.34    | 0.38    | 0.6   | 0.37   | 0.38   | 0.14  | 0.09   | -0.24  | -0.14   | 0.03    | -0.22    | -0.03   | -0.17   | -0.01    | 0.06      | 0   | 1.05  | 53910  | 2.385  | 0.002   | 2.349  | 0.002   |         | 0.033  | 0.003 | T     | 0.02  | 0.03  | C     |         | 2.3499  | 0.0004  | 0.004  | 178     |         | 2.34  | 2.36  |        |          |         |           |            |        |      | 1     |          |        |      |       |       |        |       |      |       | S      |       |       | 95418  | B+57 1302  |            |            | 0.02     | A1V          | X
 45238 | Miaplacidus      |  1.67 | 138.30100329 | -69.71747245 | 29.34  | -157.66  | 108.91   | 1       |       | 09 13 12.24 | -69 43 02.9 | 1       | G      |          | 0.47    | 0.42    | 0.47  | 0.56   | 0.42   | 0.26  | 0.03   | 0.14   | -0.2    | -0.16   | 0.1      | -0.16   | -0.23   | 0.18     | 0.32      | 1   | 0.4   | 45238  | 1.746  | 0.006   | 1.675  | 0.006   |         | 0.07   | 0.008 | T     | 0.02  | 0.02  | A     |         | 1.6625  | 0.0004  | 0.004  | 106     |         | 1.65  | 1.67  |        | M        |         |           |            |        |      | 1     |          |        |      |       |       |        |       |      |       | S      |       |       | 80007  |            |            | P-69  1023 | 0.02     | A2IV         | X
 25930 | Mintaka          |  2.25 |  83.00166562 |  -0.29909340 | 3.56   | 1.67     | 0.56     | 0       | H     | 05 32 00.40 | -00 17 56.7 | 2       | G      | *        | 1.17    | 0.72    | 0.83  | 0.79   | 0.46   | -0.3  | 0.41   | -0.05  | 0.1     | -0.33   | 0.29     | -0.43   | 0.12    | -0.32    | -0.33     | 8   | 1.29  | 25930  | 2.006  | 0.004   | 2.195  | 0.004   | *       | -0.175 | 0.003 | G     | -0.21 | 0.02  | A     | *       | 2.1361  | 0.0017  | 0.03   | 95      | *       | 2.12  | 2.22  |        | P        | 1       | A         | 05320-0018 | I      | 1    | 2     | C        |        | A    | AD    | 140   | 0.267  | 0.003 | 1.35 | 0.03  | S      |       | D     | 36486  | B-00  983  |            |            | -0.21    | O9.5II       | X
 10826 | Mira             |  6.47 |  34.83661103 |  -2.97706055 | 7.79   | 10.33    | -239.48  | 0       |       | 02 19 20.79 | -02 58 37.4 | 3       | H      |          | 0.85    | 0.7     | 1.07  | 1.08   | 0.89   | 0.35  | -0.31  | -0.32  | -0.32   | -0.09   | 0.38     | -0.04   | -0.43   | 0.32     | 0.52      | 0   | 1.8   | 10826  | 7.758  | 0.258   | 6.642  | 0.256   |         | 0.966  | 0.299 | T     | 5.71  | 0.39  | O     |         | 4.9898  | 0.282   | 1.303  | 82      |         | 3.39  | 7.03  | 333.8  | P        | 1       | B         | 02194-0258 | I      | 1    | 1     |          |        | S    |       |       |        |       |      |       | S      |       | P     | 14386  | B-03  353  |            |            | 4.61     | M5e-M9e      | G
  5447 | Mirach           |  2.07 |  17.43248991 |  35.62083048 | 16.36  | 175.59   | -112.23  | 0       |       | 01 09 43.80 | +35 37 15.0 | 1       | H      |          | 0.71    | 0.61    | 0.76  | 0.84   | 0.68   | 0     | 0.23   | -0.22  | 0.45    | -0.07   | 0.06     | -0.07   | 0.54    | -0.08    | 0.2       | 0   | 0.67  | 5447   | 4.167  | 0.006   | 2.264  | 0.004   |         | 1.576  | 0.01  | G     | 1.74  | 0.03  | C     |         | 2.1741  | 0.003   | 0.016  | 50      |         | 2.15  | 2.2   |        | U        | 2       |           | 01097+3537 | I      | 1    | 1     |          |        |      |       |       |        |       |      |       | S      |       |       | 6860   | B+34  198  |            |            | 1.74     | M0IIIvar     | X
 15863 | Mirfak           |  1.79 |  51.08061889 |  49.86124281 | 5.51   | 24.11    | -26.01   | 1       |       | 03 24 19.35 | +49 51 40.5 | 1       | G      |          | 0.54    | 0.49    | 0.66  | 0.46   | 0.57   | 0.29  | 0.41   | -0.12  | -0.01   | 0.12    | 0.08     | 0.02    | 0.3     | -0.12    | 0.5       | 0   | -0.18 | 15863  | 2.418  | 0.002   | 1.866  | 0.004   |         | 0.481  | 0.004 | G     | 0.63  | 0.04  | G     |         | 1.8972  | 0.0008  | 0.005  | 76      |         | 1.89  | 1.91  |        | M        |         |           | 03243+4951 | I      | 1    | 1     |          |        |      |       |       |        |       |      |       | S      |       | P     | 20902  | B+49  917  |            |            | 0.63     | F5Ib         | X
 65378 | Mizar            |  2.23 | 200.98091604 |  54.92541525 | 41.73  | 121.23   | -22.01   | 0       |       | 13 23 55.42 | +54 55 31.5 |         | H      | A        | 0.49    | 0.51    | 0.61  | 0.48   | 0.48   | 0.16  | 0.08   | -0.24  | -0.14   | -0.1    | 0        | -0.11   | -0.18   | -0.04    | 0.05      | 13  | 0.95  | 65378  | 2.29   | 0.002   | 2.227  | 0.003   | A       | 0.057  | 0.004 | T     | 0.07  | 0     | L     |         | 2.254   | 0.0088  | 0.041  | 108     | A       | 2.22  | 2.36  |        | D        |         |           | 13240+5456 | I      | 2    | 2     | C        |        | A    | AC    | 152   | 14.431 | 0.007 | 1.62 | 0.03  | S      |       |       | 116656 | B+55 1598  |            |            | 0.07     | A2V          | X
 25606 | Nihal            |  2.81 |  82.06135971 | -20.75923214 | 20.49  | -5.03    | -85.92   | 0       |       | 05 28 14.73 | -20 45 33.2 |         | H      |          | 0.55    | 0.57    | 0.85  | 0.93   | 0.73   | 0.08  | -0.13  | -0.43  | -0.34   | -0.24   | 0.48     | -0.04   | -0.3    | 0.04     | 0.02      | 0   | 0.99  | 25606  | 3.868  | 0.002   | 2.925  | 0.002   |         | 0.807  | 0.027 | G     | 0.86  | 0.02  | A     |         | 2.9674  | 0.0005  | 0.004  | 87      |         | 2.96  | 2.97  |        |          |         |           | 05283-2046 | I      | 1    | 1     |          |        |      |       |       |        |       |      |       | S      |       |       | 36079  | B-20 1096  |            |            | 0.86     | G5II         | 4
 92855 | Nunki            |  2.05 | 283.81631956 | -26.29659428 | 14.54  | 13.87    | -52.65   | 1       |       | 18 55 15.92 | -26 17 47.7 | 1       | H      |          | 0.87    | 0.45    | 0.88  | 1.09   | 0.6    | -0.18 | -0.31  | -0.07  | 0.17    | 0.12    | 0.03     | -0.03   | -0.3    | 0.05     | -0.48     | 0   | -0.3  | 92855  | 1.888  | 0.005   | 2.044  | 0.005   |         | -0.134 | 0.006 | T     | -0.13 | 0.01  | L     |         | 2.0095  | 0.0008  | 0.005  | 68      |         | 2     | 2.03  |        | M        |         |           | 18552-2618 | I      | 1    | 1     |          |        |      |       |       |        |       |      |       | S      |       |       | 175191 |            | C-26 13595 | P-26  6590 | -0.21    | B2.5V        | 3
100751 | Peacock          |  1.94 | 306.41187347 | -56.73488071 | 17.8   | 7.71     | -86.15   | 1       |       | 20 25 38.85 | -56 44 05.6 | 1       | G      |          | 0.51    | 0.46    | 0.7   | 0.58   | 0.45   | 0.11  | -0.16  | -0.11  | -0.37   | -0.04   | -0.04    | -0.07   | -0.45   | 0.09     | -0.3      | 3   | 0.35  | 100751 | 1.762  | 0.007   | 1.898  | 0.006   |         | -0.118 | 0.008 | T     | -0.1  | 0.01  | L     |         | 1.8583  | 0.0006  | 0.006  | 109     |         | 1.85  | 1.87  |        | M        |         |           | 20257-5644 | I      | 1    | 1     |          |        |      |       |       |        |       |      |       | S      |       |       | 193924 |            |            | P-57  9674 | -0.2     | B2IV         | X
 26634 | Phact            |  2.65 |  84.91224975 | -34.07404941 | 12.16  | -0.1     | -24.05   | 0       |       | 05 39 38.94 | -34 04 26.6 | 1       | G      |          | 0.43    | 0.49    | 0.6   | 0.46   | 0.6    | -0.09 | 0.27   | -0.26  | -0.1    | -0.07   | 0.21     | -0.03   | -0.31   | 0.03     | -0.08     | 1   | -0.55 | 26634  | 2.541  | 0.002   | 2.643  | 0.003   |         | -0.12  | 0.001 | G     | -0.07 | 0.02  | A     |         | 2.6124  | 0.0005  | 0.005  | 110     |         | 2.61  | 2.62  |        | M        |         |           | 05396-3404 | I      | 1    | 1     |          |        |      |       |       |        |       |      |       | S      |       |       | 37795  |            | C-34  2375 | P-34   703 | -0.07    | B7IV         | 3
 58001 | Phad             |  2.41 | 178.45725536 |  53.69473296 | 38.99  | 107.76   | 11.16    | 0       |       | 11 53 49.74 | +53 41 41.0 | 1       | H      |          | 0.38    | 0.43    | 0.68  | 0.48   | 0.5    | 0.51  | -0.07  | -0.08  | -0.03   | -0.05   | -0.04    | -0.04   | 0.11    | -0.17    | 0.58      | 0   | 0.64  | 58001  | 2.48   | 0.002   | 2.431  | 0.002   |         | 0.044  | 0.003 | T     | 0.06  | 0     | L     |         | 2.4286  | 0.0004  | 0.005  | 233     |         | 2.42  | 2.44  |        | M        |         |           |            |        |      | 1     |          |        |      |       |       |        |       |      |       | S      |       |       | 103287 | B+54 1475  |            |            | 0.06     | A0V SB       | G
 17851 | Pleione          |  5.05 |  57.29668368 |  24.13682565 | 8.42   | 18.71    | -46.74   | 0       |       | 03 49 11.20 | +24 08 12.6 | 1       | H      |          | 0.73    | 0.48    | 0.86  | 0.76   | 0.58   | 0.1   | 0.38   | -0.1   | 0.09    | 0.07    | -0.31    | -0.06   | 0.23    | -0.26    | 0.18      | 3   | -0.87 | 17851  | 4.944  | 0.003   | 5.039  | 0.004   |         | -0.082 | 0.004 | T     | -0.06 | 0.01  | L     |         | 5.0295  | 0.0017  | 0.011  | 69      |         | 5.01  | 5.05  |        | U        | 2       |           |            |        |      | 1     |          |        | S    |       |       |        |       |      |       | S      |       |       | 23862  | B+23  558  |            |            | -0.06    | B7p          | X
 11767 | Polaris          |  1.97 |  37.94614689 |  89.26413805 | 7.56   | 44.22    | -11.74   | 1       |       | 02 31 47.08 | +89 15 50.9 | 1       | H      |          | 0.39    | 0.45    | 0.48  | 0.47   | 0.55   | -0.16 | 0.05   | 0.27   | -0.01   | 0.08    | 0.05     | 0.04    | -0.12   | -0.09    | -0.36     | 1   | 1.22  | 11767  | 2.756  | 0.003   | 2.067  | 0.003   |         | 0.636  | 0.003 | T     | 0.7   | 0     | L     |         | 2.1077  | 0.0021  | 0.014  | 102     |         | 2.09  | 2.13  | 3.97   | P        | 1       | A         | 02319+8915 | I      | 1    | 1     |          |        |      |       |       |        |       |      |       | S      |       | P     | 8890   | B+88    8  |            |            | 0.68     | F7:Ib-IIv SB | G
 37826 | Pollux           |  1.16 | 116.33068263 |  28.02631031 | 96.74  | -625.69  | -45.95   | 1       |       | 07 45 19.36 | +28 01 34.7 | 1       | G      |          | 0.75    | 0.45    | 0.87  | 1.02   | 0.53   | -0.22 | 0.22   | -0.11  | 0.12    | -0.08   | -0.35    | -0.1    | -0.11   | -0.11    | -0.01     | 0   | -0.93 | 37826  | 2.455  | 0.003   | 1.325  | 0.006   |         | 0.991  | 0.005 | G     | 0.97  | 0.01  | G     |         | 1.2947  | 0.0006  | 0.005  | 83      |         | 1.29  | 1.3   |        | M        |         |           | 07454+2802 | I      | 1    | 1     |          |        | S    |       |       |        |       |      |       | S      |       |       | 62509  | B+28 1463  |            |            | 0.97     | K0IIIvar     | X
 37279 | Procyon          |  0.40 | 114.82724194 |   5.22750767 | 285.93 | -716.57  | -1034.58 | 1       |       | 07 39 18.54 | +05 13 39.0 |         | G      | +        | 0.82    | 0.5     | 0.88  | 0.88   | 0.38   | 0.03  | 0.21   | -0.3   | -0.19   | -0.06   | -0.22    | -0.07   | -0.55   | 0.14     | 0.09      | 0   | 1.94  | 37279  |        |         |        |         |         | 0.432  | 0.015 | G     | 0.49  | 0.02  | A     |         | 0.4607  | 0.0017  | 0.007  | 20      |         | 0.45  | 0.52  |        |          |         |           | 07393+0514 | I      | 1    | 1     | O        |        |      |       |       |        |       |      |       | S      |       | D     | 61421  | B+05 1739  |            |            | 0.49     | F5IV-V       | X
 70890 | Proxima          | 11.01 | 217.44894751 | -62.68135207 | 772.33 | -3775.64 | 768.16   | 0       |       | 14 29 47.75 | -62 40 52.9 | 2       | G      |          | 1.31    | 1.51    | 2.42  | 1.52   | 1.82   | 0.24  | -0.12  | -0.21  | 0.37    | 0.11    | -0.05    | 0.14    | 0.15    | 0        | 0.36      | 1   | -0.64 | 70890  |        |         |        |         |         | 1.807  | 0.02  | G     | 3.62  | 0.03  | A     |         | 10.7613 | 0.0038  | 0.047  | 163     |         | 10.69 | 10.83 |        | U        |         |           | 14396-6050 | I      | 3    | 1     |          |        |      |       |       |        |       |      |       |        | G     |       |        |            |            |            | 3.62     | M5Ve         | K
 84345 | Rasalgethi       |  2.78 | 258.66192687 |  14.39025314 | 8.53   | -6.71    | 32.78    | 0       | H     | 17 14 38.86 | +14 23 24.9 | 2       | H      | A        | 2.43    | 1.86    | 2.8   | 1.87   | 2.02   | -0.08 | -0.43  | -0.15  | -0.15   | 0.36    | -0.08    | 0.48    | -0.06   | -0.34    | -0.03     | 13  | 5.26  | 84345  | 4.71   | 0.022   | 3.335  | 0.032   | *       | 1.164  | 0.031 | T     | 1.13  | 0.03  | L     | *       | 2.9137  | 0.0189  | 0.144  | 69      | *       | 2.7   | 3.1   |        | U        | 2       |           | 17146+1424 | I      | 1    | 2     | C        |        | D    | AB    | 105   | 4.841  | 0.038 | 2.34 | 0.14  | S      |       | D     | 156014 | B+14 3207  |            |            | 3.2      | M5IIvar      | X
 86032 | Rasalhague       |  2.08 | 263.73335321 |  12.56057584 | 69.84  | 110.08   | -222.61  | 1       |       | 17 34 56.00 | +12 33 38.1 |         | G      |          | 0.76    | 0.7     | 0.88  | 1.02   | 0.89   | -0.29 | 0.03   | -0.26  | -0.16   | 0.59    | -0.09    | 0.5     | -0.37   | 0.14     | -0.45     | 0   | 1.17  | 86032  | 2.315  | 0.003   | 2.106  | 0.003   |         | 0.155  | 0.003 | G     | 0.17  | 0.03  | C     |         | 2.1262  | 0.0005  | 0.003  | 67      |         | 2.12  | 2.14  |        |          |         |           | 17349+1234 | I      | 1    | 1     | G        |        |      |       |       |        |       |      |       | S      |       | D     | 159561 | B+12 3252  |            |            | 0.17     | A5III        | X
 30089 | Red Rectangle    |  8.85 |  94.99259371 | -10.63736291 | 2.62   | -10.98   | -21.1    | 0       |       | 06 19 58.22 | -10 38 14.5 | 2       | H      |          | 1.89    | 1.58    | 2.37  | 2.42   | 2.21   | -0.4  | 0.32   | -0.3   | -0.57   | 0.29    | -0.17    | 0.33    | -0.66   | 0.35     | -0.42     | 1   | -1.44 | 30089  | 9.42   | 0.013   | 9.057  | 0.014   |         | 0.344  | 0.018 | T     | 0.4   | 0.02  | L     |         | 8.9532  | 0.0037  | 0.042  | 151     |         | 8.87  | 9     |        | U        | 2       |           | 06200-1038 | I      | 1    | 1     |          |        | S    |       |       |        |       |      |       |        |       |       | 44179  | B-10 1476  |            |            | 0.55     | B8           | S
 49669 | Regulus          |  1.36 | 152.09358075 |  11.96719513 | 42.09  | -249.4   | 4.91     | 1       |       | 10 08 22.46 | +11 58 01.9 |         | G      |          | 0.71    | 0.49    | 0.79  | 0.74   | 0.48   | -0.28 | 0.26   | -0.24  | -0.12   | 0.03    | -0.08    | -0.03   | -0.03   | -0.16    | -0.24     | 2   | 2.7   | 49669  | 1.36   | 0.01    | 1.399  | 0.007   |         | -0.087 | 0.015 | G     | -0.1  | 0.01  | G     |         | 1.3232  | 0.0007  | 0.005  | 60      |         | 1.31  | 1.34  |        |          |         |           | 10083+1159 | I      | 1    | 1     |          |        |      |       |       |        |       |      |       | S      |       |       | 87901  | B+12 2149  |            |            | -0.1     | B7V          | X
 24436 | Rigel            |  0.18 |  78.63446353 |  -8.20163919 | 4.22   | 1.87     | -0.56    | 1       |       | 05 14 32.27 | -08 12 05.9 | 1       | G      |          | 0.65    | 0.48    | 0.81  | 0.74   | 0.53   | -0.18 | 0.27   | 0.18   | 0.32    | -0.23   | -0.13    | -0.24   | 0.27    | -0.14    | -0.3      | 0   | 2.48  | 24436  | 0.312  | 0.012   | 0.283  | 0.01    |         | -0.03  | 0.6   | G     | 0.03  | 0.02  | A     |         | 0.193   | 0.0015  | 0.014  | 64      |         | 0.17  | 0.22  | 2.07   | P        | 1       | A         | 05145-0812 | I      | 1    | 1     |          |        | S    |       |       |        |       |      |       | S      |       |       | 34085  | B-08 1063  |            |            | 0.03     | B8Ia         | X
 71683 | Rigil Kentaurus  | -0.01 | 219.92041034 | -60.83514707 | 742.12 | -3678.19 | 481.84   | 1       |       | 14 39 40.90 | -60 50 06.5 |         | G      | A        | 1.42    | 1.08    | 1.4   | 1.51   | 1.24   | 0.29  | -0.31  | -0.16  | 0.15    | 0.05    | -0.09    | 0       | 0.14    | 0.09     | 0.45      | 1   | -3.09 | 71683  |        |         |        |         |         | 0.71   | 0.04  | G     | 0.69  | 0.02  | A     |         | 0.1373  | 0.0472  | 0.063  | 105     | A       | 0.06  | 0.26  |        | D        |         |           | 14396-6050 | I      | 3    | 1     | C        | P      | D    |       |       |        |       |      |       | S      |       | D     | 128620 |            |            | P-60  5483 | 0.69     | G2V          | X
 84012 | Sabik            |  2.43 | 257.59442659 | -15.72514757 | 38.77  | 41.16    | 97.65    | 1       | H     | 17 10 22.66 | -15 43 30.5 |         | G      | A        | 1.12    | 0.67    | 0.86  | 1.13   | 0.65   | -0.22 | -0.13  | -0.1   | 0.06    | -0.08   | 0.1      | -0.05   | 0.19    | -0.09    | -0.21     | 1   | 0.84  | 84012  | 2.551  | 0.003   | 2.438  | 0.003   | *       | 0.059  | 0.01  | G     | 0.06  | 0.02  | A     | *       | 2.4393  | 0.0008  | 0.004  | 62      | *       | 2.43  | 2.45  |        | D        |         |           | 17104-1544 | I      | 1    | 2     | C        |        | A    | AB    | 251   | 0.466  | 0.003 | 0.51 | 0.01  | S      |       |       | 155125 | B-15 4467  |            |            | 0.06     | A2.5Va       | 4
109074 | Sadalmelik       |  2.95 | 331.44593869 |  -0.31982656 | 4.3    | 17.9     | -9.93    | 0       |       | 22 05 47.03 | -00 19 11.4 |         | H      |          | 0.75    | 0.53    | 0.83  | 0.91   | 0.57   | 0.1   | 0.19   | -0.01  | 0.11    | -0.06   | 0.27     | -0.03   | 0.14    | 0.12     | 0.13      | 0   | -0.28 | 109074 | 4.175  | 0.004   | 3.051  | 0.004   |         | 0.969  | 0.011 | G     | 0.92  | 0.02  | A     |         | 3.108   | 0.0006  | 0.006  | 52      |         | 3.1   | 3.13  |        |          |         |           | 22058-0019 | I      | 1    | 1     |          |        |      |       |       |        |       |      |       | S      |       |       | 209750 | B-01 4246  |            |            | 0.92     | G2Ib         | X
 27366 | Saiph            |  2.07 |  86.93911641 |  -9.66960186 | 4.52   | 1.55     | -1.2     | 0       |       | 05 47 45.39 | -09 40 10.6 | 1       | G      |          | 0.67    | 0.52    | 0.77  | 0.67   | 0.5    | 0.37  | 0.02   | -0.16  | -0.3    | -0.54   | 0.2      | -0.5    | -0.13   | -0.05    | 0.27      | 3   | 1.54  | 27366  | 1.906  | 0.005   | 2.037  | 0.004   |         | -0.168 | 0.027 | G     | -0.14 | 0.02  | A     |         | 2.0065  | 0.002   | 0.014  | 83      |         | 1.99  | 2.02  |        | U        | 2       |           |            |        |      | 1     |          |        |      |       |       |        |       |      |       | S      |       | P     | 38771  | B-09 1235  |            |            | -0.14    | B0.5Iavar    | X
113881 | Scheat           |  2.44 | 345.94305575 |  28.08245462 | 16.37  | 187.76   | 137.61   | 1       |       | 23 03 46.33 | +28 04 56.8 | 2       | H      |          | 0.46    | 0.46    | 0.72  | 0.52   | 0.56   | 0.25  | 0.15   | 0.05   | 0.14    | -0.08   | -0.01    | 0.01    | -0.23   | 0.28     | 0.36      | 1   | -0.31 | 113881 | 4.612  | 0.009   | 2.659  | 0.008   |         | 1.655  | 0.01  | T     | 2.31  | 0.06  | O     |         | 2.4861  | 0.0093  | 0.075  | 114     |         | 2.43  | 2.63  |        | U        | 2       | C         | 23038+2804 | I      | 1    | 1     |          |        | S    |       |       |        |       |      |       | S      |       |       | 217906 | B+27 4480  |            |            | 2.06     | M2II-IIIvar  | X
  3179 | Schedar          |  2.24 |  10.12661349 |  56.53740928 | 14.27  | 50.36    | -32.17   | 1       |       | 00 40 30.39 | +56 32 14.7 | 1       | H      |          | 0.31    | 0.37    | 0.57  | 0.33   | 0.4    | -0.34 | 0.21   | -0.04  | -0.04   | 0.02    | 0.13     | 0.03    | 0.28    | 0.21     | -0.21     | 1   | 1.66  | 3179   | 3.768  | 0.002   | 2.377  | 0.002   |         | 1.17   | 0     | G     | 1.13  | 0     | H     |         | 2.4107  | 0.0004  | 0.005  | 208     |         | 2.4   | 2.42  |        | M        |         |           | 00405+5632 | I      | 1    | 1     |          |        |      |       |       |        |       |      |       | S      |       |       | 3712   | B+55  139  |            |            | 1.13     | K0II-IIIvar  | X
107556 | Scheddi          |  2.85 | 326.75952199 | -16.12656595 | 84.58  | 263.26   | -296.23  | 0       |       | 21 47 02.29 | -16 07 35.6 | 2       | G      |          | 0.8     | 0.59    | 0.88  | 1.23   | 0.67   | 0.18  | -0.1   | -0.22  | 0.07    | -0.16   | 0.23     | -0.16   | -0.23   | 0.13     | -0.03     | 0   | -1.36 | 107556 |        |         |        |         |         | 0.18   | 0.15  | G     | 0.35  | 0.02  | A     |         | 2.9409  | 0.0038  | 0.025  | 57      |         | 2.91  | 3.02  | 1.02   | P        | 1       | A         | 21470-1607 | I      | 1    | 1     |          |        |      |       |       |        |       |      |       | S      |       |       | 207098 | B-16 5943  |            |            | 0.35     | A5mF2 (IV)   | G
 85927 | Shaula           |  1.62 | 263.40219373 | -37.10374835 | 4.64   | -8.9     | -29.95   | 1       |       | 17 33 36.53 | -37 06 13.5 | 1       | G      |          | 0.74    | 0.52    | 0.9   | 0.92   | 0.58   | 0.12  | -0.42  | -0.29  | 0.2     | 0.11    | -0.41    | -0.04   | 0.18    | 0.17     | -0.29     | 3   | 1.62  | 85927  | 1.446  | 0.01    | 1.607  | 0.008   |         | -0.231 | 0.008 | G     | -0.24 | 0.02  | A     |         | 1.5244  | 0.0029  | 0.016  | 44      |         | 1.5   | 1.56  | 0.21   | P        | 1       | A         | 17336-3706 | I      | 1    | 1     |          |        |      |       |       |        |       |      |       | S      |       | P     | 158926 |            | C-37 11673 | P-37  7265 | -0.24    | B1.5IV+...   | 3
 92420 | Sheliak          |  3.52 | 282.51997462 |  33.36267788 | 3.7    | 1.1      | -4.46    | 0       |       | 18 50 04.79 | +33 21 45.6 | 3       | T      |          | 0.39    | 0.4     | 0.52  | 0.44   | 0.51   | -0.08 | -0.02  | -0.04  | 0.11    | 0.07    | -0.2     | 0.09    | 0.26    | -0.12    | -0.16     | 0   | -1.12 | 92420  | 3.519  | 0.032   | 3.517  | 0.028   |         | 0.003  | 0.037 | T     | 0.02  | 0.03  | L     |         | 3.5618  | 0.031   | 0.393  | 136     |         | 3.37  | 4.3   | 12.94  | P        | 1       | A         | 18501+3322 | I      | 1    | 1     |          |        | S    |       |       |        |       |      |       | S      |       | P     | 174638 | B+33 3223  |            |            | 0.05     | A8:V comp SB | G
 32349 | Sirius           | -1.44 | 101.28854105 | -16.71314306 | 379.21 | -546.01  | -1223.08 | 1       |       | 06 45 09.25 | -16 42 47.3 | 2       | G      | +        | 1.21    | 1.04    | 1.58  | 1.33   | 1.24   | 0.05  | 0.22   | -0.3   | -0.5    | 0.13    | -0.31    | 0.12    | -0.54   | 0.32     | -0.05     | 0   |       | 32349  |        |         |        |         |         | 0.009  | 0.007 | G     | -0.02 | 0     | A     |         | -1.0876 | 0.0024  | 0.04   | 159     |         | -1.17 | -0.98 |        | U        |         |           | 06451-1643 | I      | 1    | 1     | O        |        |      |       |       |        |       |      |       | S      |       | X     | 48915  | B-16 1591  |            |            | -0.02    | A0m...       | 4
 65474 | Spica            |  0.98 | 201.29835230 | -11.16124491 | 12.44  | -42.5    | -31.73   | 1       |       | 13 25 11.60 | -11 09 40.5 | 1       | G      |          | 0.75    | 0.54    | 0.86  | 0.79   | 0.52   | -0.39 | -0.22  | 0.09   | 0.2     | -0.02   | 0.18     | -0.04   | 0.3     | -0.04    | -0.46     | 0   | 1.52  | 65474  | 0.877  | 0.012   | 1.031  | 0.01    |         | -0.235 | 0.008 | G     | -0.25 | 0.02  | A     |         | 0.8891  | 0.0022  | 0.014  | 38      |         | 0.87  | 0.91  | 4.01   | P        | 1       | A         | 13252-1109 | I      | 1    | 1     |          |        |      |       |       |        |       |      |       | S      |       | P     | 116658 | B-10 3672  |            |            | -0.25    | B1V          | X
 44816 | Suhail           |  2.23 | 136.99907126 | -43.43262406 | 5.69   | -23.21   | 14.28    | 1       |       | 09 07 59.78 | -43 25 57.4 | 2       | H      |          | 0.41    | 0.4     | 0.53  | 0.5    | 0.41   | 0.16  | -0.01  | 0.14   | 0.12    | 0.1     | 0.06     | 0.09    | -0.05   | -0.05    | 0.19      | 0   | 1.01  | 44816  | 4.428  | 0.006   | 2.408  | 0.003   |         | 1.665  | 0.013 | G     | 1.69  | 0.02  | A     |         | 2.3385  | 0.0036  | 0.025  | 113     |         | 2.29  | 2.38  |        | U        | 2       | C         | 09080-4326 | I      | 1    | 1     |          |        |      |       |       |        |       |      |       | S      |       |       | 78647  |            | C-42  4990 | P-42  3366 | 1.69     | K4Ib-II      | X
 97278 | Tarazed          |  2.72 | 296.56487567 |  10.61326869 | 7.08   | 15.72    | -3.08    | 0       |       | 19 46 15.57 | +10 36 47.8 | 1       | G      |          | 0.54    | 0.34    | 0.75  | 0.74   | 0.32   | 0.02  | 0.05   | 0.02   | 0.15    | -0.21   | 0.17     | -0.25   | -0.33   | 0.09     | -0.23     | 1   | 2.68  | 97278  | 4.717  | 0.002   | 2.889  | 0.002   |         | 1.507  | 0.014 | G     | 1.44  | 0.02  | A     |         | 2.8695  | 0.0005  | 0.006  | 172     |         | 2.86  | 2.88  |        | M        |         |           | 19462+1037 | I      | 1    | 1     |          |        |      |       |       |        |       |      |       | S      |       |       | 186791 | B+10 4043  |            |            | 1.44     | K3II         | X
 68756 | Thuban           |  3.67 | 211.09760837 |  64.37580873 | 10.56  | -56.52   | 17.19    | 0       |       | 14 04 23.43 | +64 22 32.9 | 1       | H      | +        | 0.54    | 0.55    | 0.52  | 0.46   | 0.53   | -0.09 | 0      | -0.04  | -0.15   | 0.06    | 0        | 0.04    | -0.2    | -0.25    | -0.11     | 3   | 0.61  | 68756  | 3.609  | 0.002   | 3.644  | 0.002   |         | -0.049 | 0.005 | G     | -0.08 | 0.03  | C     |         | 3.6452  | 0.0005  | 0.004  | 118     |         | 3.64  | 3.66  |        | M        |         |           |            |        |      | 1     | O        |        |      |       |       |        |       |      |       | S      |       |       | 123299 | B+65  978  |            |            | -0.08    | A0III SB     | G
 77070 | Unukalhai        |  2.63 | 236.06664914 |   6.42551971 | 44.54  | 134.66   | 44.14    | 0       |       | 15 44 16.00 | +06 25 31.9 |         | H      |          | 0.68    | 0.5     | 0.71  | 0.78   | 0.63   | -0.17 | -0.3   | -0.13  | 0.4     | -0.23   | 0.08     | -0.14   | 0.38    | -0.23    | -0.17     | 2   | -0.14 | 77070  | 4.165  | 0.003   | 2.764  | 0.003   |         | 1.167  | 0.015 | G     | 1.09  | 0.02  | A     |         | 2.7971  | 0.0004  | 0.003  | 67      |         | 2.79  | 2.8   |        | C        |         |           | 15442+0626 | I      | 1    | 1     |          |        |      |       |       |        |       |      |       | S      |       |       | 140573 | B+06 3088  |            |            | 1.09     | K2III        | X
  3829 | Van Maanen 2     | 12.37 |  12.28823784 |   5.39519773 | 226.95 | 1233.05  | -2710.56 | 0       |       | 00 49 09.18 | +05 23 42.7 |         | G      |          | 4.38    | 3.33    | 5.35  | 4.72   | 3.67   | 0.4   | 0.25   | 0.03   | -0.06   | 0       | -0.12    | -0.03   | 0.04    | -0.21    | 0.33      | 7   | 1.86  | 3829   |        |         |        |         |         | 0.554  | 0.003 | G     | 0.49  | 0.02  | A     |         | 12.5592 | 0.0181  | 0.112  | 59      |         | 12.28 | 12.81 |        |          |         |           |            |        |      | 1     | G        |        |      |       |       |        |       |      |       |        | G     |       |        |            |            |            | 0.49     | DG           | S
 91262 | Vega             |  0.03 | 279.23410832 |  38.78299311 | 128.93 | 201.02   | 287.46   | 1       |       | 18 36 56.19 | +38 46 58.8 | 1       | G      |          | 0.48    | 0.47    | 0.55  | 0.57   | 0.6    | -0.02 | -0.08  | -0.12  | 0.3     | 0.02    | -0.13    | 0.01    | 0.28    | -0.05    | -0.15     | 2   | 1.31  | 91262  |        |         |        |         |         | -0.001 | 0.005 | G     | -0.01 | 0.02  | A     |         | 0.0868  | 0.0021  | 0.014  | 90      |         | 0.07  | 0.13  |        | U        | 2       | C         | 18369+3847 | I      | 1    | 1     |          |        | S    |       |       |        |       |      |       | S      |       |       | 172167 | B+38 3238  |            |            | -0.01    | A0Vvar       | X
 63608 | Vindemiatrix     |  2.85 | 195.54483557 |  10.95910186 | 31.9   | -275.05  | 19.96    | 0       |       | 13 02 10.76 | +10 57 32.8 | 1       | H      |          | 0.74    | 0.58    | 0.87  | 0.84   | 0.56   | -0.12 | -0.01  | -0.43  | -0.24   | 0.05    | -0.15    | -0.02   | -0.37   | 0.26     | -0.37     | 0   | -0.41 | 63608  | 4.033  | 0.003   | 2.947  | 0.002   |         | 0.934  | 0.015 | G     | 0.83  | 0.01  | G     |         | 2.998   | 0.0008  | 0.004  | 63      |         | 2.99  | 3.01  |        | M        |         |           | 13022+1057 | I      | 1    | 1     |          |        |      |       |       |        |       |      |       | S      |       |       | 113226 | B+11 2529  |            |            | 0.83     | G8IIIvar     | X
 18543 | Zaurak           |  2.97 |  59.50720862 | -13.50824471 | 14.75  | 60.51    | -111.34  | 0       |       | 03 58 01.73 | -13 30 29.7 | 1       | H      |          | 0.7     | 0.51    | 0.75  | 1.01   | 0.71   | 0.16  | 0.08   | -0.18  | 0.17    | 0.02    | 0.24     | 0.07    | 0.05    | -0.05    | 0.2       | 0   | 1.66  | 18543  | 5.052  | 0.005   | 3.149  | 0.004   |         | 1.588  | 0.006 | G     | 1.78  | 0.02  | A     |         | 3.0703  | 0.0019  | 0.017  | 63      |         | 3.05  | 3.1   |        | U        | 2       |           | 03580-1331 | I      | 1    | 1     |          |        |      |       |       |        |       |      |       | S      |       |       | 25025  | B-13  781  |            |            | 1.78     | M1IIIb Ca-1  | G
 72622 | Zubenelgenubi    |  2.75 | 222.71990536 | -16.04161047 | 42.25  | -105.69  | -69      | 1       |       | 14 50 52.78 | -16 02 29.8 |         | G      |          | 0.73    | 0.59    | 1.05  | 0.87   | 0.62   | -0.25 | -0.27  | -0.44  | 0.13    | -0.24   | 0.43     | 0.04    | 0.03    | -0.17    | -0.32     | 0   | 0.82  | 72622  | 2.957  | 0.002   | 2.77   | 0.003   |         | 0.147  | 0.005 | G     | 0.16  | 0.02  | A     |         | 2.7892  | 0.0004  | 0.003  | 64      |         | 2.78  | 2.8   |        |          |         |           | 14508-1602 | I      | 2    | 1     |          |        |      |       |       |        |       |      |       | S      |       |       | 130841 | B-15 3966  |            |            | 0.16     | A3IV         | 4
 
